cue,R1,R2,R3
10,twenty,hundred,zero
1000,thousand,million,one
101,classroom,teach,number
12,twelve,twenty-four,six
1920s,flapper,jazz,prohibition
1950s,rock-n-roll,cold war,elvis
1970s,disco,bell-bottoms,vietnam
1980s,pop music,mtv,reagan
19th,victorian,century,industrial
2012,olympics,london,mayan
40,sixty,eighty,fifty
45,fifty-five,fifty,forty
aardvark,animal,snout,africa
aaron,bible,moses,priest
abbey,monastery,religious,building
abbot,monk,leader,priest
abby,girl,name,friend
abe,lincoln,president,hat
abel,cain,bible,brother
abortion,clinic,right,choice
abraham,lincoln,bible,president
absent-minded,professor,scatterbrained,forgetful
absolution,forgiveness,sin,catholic
abstinence,celibacy,sex,purity
accepting,welcoming,open,receptive
acclaimed,famous,notable,celebrated
achilles,heel,hero,greek
acknowledgemant,recognition,credit,respect
acre,land,field,property
actual,real,factual,existent
actuality,reality,existence,truth
actually,in fact,truly,indeed
adam,eve,first,bible
adherent,follower,religion,faithful
adhesive,glue,sticky,bond
adidas,shoe,sportswear,nike
adieu,farewell,goodbye,leave
admired,respected,liked,honored
ado,teen,behavior,adolescence
adolph,hitler,germany,dictator
adorable,lovable,cute,charming
adoration,worship,reverence,love
adore,love,cherish,like
adored,cherished,loved,valued
adorn,decorate,embellish,enhance
adult,mature,people,senior
adultery,cheating,sex,marriage
aerodynamic,streamlined,design,sleek
aesthetic,beauty,art,philosophy
affair,romance,scandal,love
affectation,pretense,show,theatrical
affection,love,caring,emotion
affectionate,loving,warm,tender
africa,continent,safari,egypt
african,culture,safari,elephant
after-shave,male,grooming,scent
afterbirth,placenta,birth,maternal
afterlife,death,life,spiritual
age,medieval,dark,knight
aged,old,elderly,senior
aging,elderly,old,senior
agnostic,skeptic,belief,question
agnosticism,doubt,belief,skepticism
agreeable,pleasant,liked,friendly
airline,transport,plane,company
alamo,texas,battle,history
alan,rickman,turing,actor
alicia,key,singer,piano
alimony,support,paymant,divorce
allah,god,islam,quran
allegiance,loyalty,duty,nation
allowable,permitted,legal,accepted
allowing,permission,enable,accept
allows,permit,grant,approval
allure,tempt,seduce,fascination
alluring,enticing,attractive,charm
ally,supporter,friend,partner
alopecia,hair,loss,baldness
alpaca,animal,wool,andes
alpha,leader,pack,first
altar,sacrifice,church,worship
altruism,generosity,giving,kindness
altruistic,giving,caring,generous
alzheimer,disease,memory,demantia
alzheimer's,disease,demantia,brain
aman,prayer,religious,conclude
amanable,cooperative,compliant,willing
america,usa,flag,state
amiable,friendly,kind,warm
amigo,friend,spanish,buddy
amish,pennsylvania,buggy,conservative
amity,peace,harmony,friendship
amnesia,forgetfulness,memory,loss
amour,love,french,romance
amulet,charm,magic,luck
anachronistic,outdated,old,historical
ancestor,forebear,history,lineage
ancestry,root,history,lineage
ancient,old,civilization,time
angel,divine,holy,spiritual
angelic,heavenly,pure,celestial
anglican,church,england,religion
angrily,furious,mad,angry
animal,creature,wildlife,nature
ankle,joint,body,leg
anne,frank,diary,world war ii
anniversary,celebration,yearly,event
annulmant,divorce,marriage,end
anteater,mammal,snout,eater
antecedent,forefather,lineage,past
antelope,deer,africa,graze
anthropology,study,culture,human
antiquated,old,outdated,old-fashioned
antique,old,furniture,collectible
antler,headgear,deer,forest
ape,monkey,primate,jungle
aphrodisiac,sex,stimulant,desire
apnea,sleep,disorder,breathing
apocalypse,end,world,prophecy
apostle,jesus,disciple,christianity
apparel,clothing,fashion,wear
appealing,charming,attractive,desirable
appraised,valued,estimated,judged
appreciate,value,cherish,esteem
appreciated,valued,cherished,respected
appreciation,gratitude,thankfulness,valuing
appreciative,thankful,grateful,valuing
approachable,friendly,open,welcoming
appropriation,cultural,taking,use
aramaic,language,ancient,script
arc,curve,story,shape
arch,curved,structure,gate
archaic,old,ancient,outdated
arched,bent,curve,bridge
ardent,passionate,enthusiastic,fervent
aretha,franklin,respect,singer
ark,noah,boat,bible
armageddon,final,battle,revelation
armchair,seat,comfort,lounge
armorer,blacksmith,armor,medieval
arousal,excitemant,sexual,stimulation
arouse,excite,stimulate,provoke
arousing,sexual,interest,excitemant
arthur,king,legend,excalibur
artifact,relic,ancient,historical
artist,creator,painter,sculptor
asexual,orientation,sexual,identity
asleep,sleeping,rest,unconscious
assessed,evaluated,judged,rated
association,link,connection,relationship
atheism,disbelief,god,religion
atheist,non-believer,skeptic,secular
atheistic,secular,disbelief,non-religious
athens,greece,parthenon,ancient
atone,repent,sin,reconcile
atonemant,repentance,sin,redemption
attaching,connect,join,fix
attire,clothes,dress,fashion
attract,pull,draw,allure
attraction,pull,allure,magnetism
attractive,gorgeous,allure,charm
au,australia,gold,abbreviation
aunt,relative,family,sister
auntie,family,affectionate,nickname
aureole,halo,light,saint
austen,pride,prejudice,writer
authentic,genuine,real,true
avon,cosmetic,river,beauty
avuncular,like an uncle,kind,supportive
awakening,conscious,alert,rouse
awl,tool,pierce,leather
awning,shade,cover,canopy
baa,sheep,sound,lamb
baal,god,worship,ancient
baboon,animal,africa,monkey
baby,infant,small,young
backbone,support,spine,strength
badness,evil,malice,harm
bagger,worker,pack,grocery
baggy,loose,clothes,fit
bah,expression,noise,sheep
bald,hairless,shiny,head
ball,sport,play,game
ballerina,dancer,perform,tutu
ballet,dance,shoe,perform
bambi,deer,disney,movie
bandana,headwear,scarf,style
bandicoot,marsupial,australia,small
bangladesh,dhaka,asia,country
banker,financial,money,business
baptism,christian,ceremony,water
baptist,church,religion,faith
baptize,christian,water,ritual
baratheon,stark,game,king
barber,haircut,shave,shop
barefoot,unshod,shoe,natural
bark,tree,sound,dog
baskerville,hound,sherlock,detective
baskervilles,hound,holmes,detective
basket,woven,carry,hold
basset,dog,hound,hunt
bassinet,cradle,baby,sleep
bat,flying,nocturnal,animal
bathrobe,sleepwear,warm,wear
battering,ram,damage,aggressive
batting,hit,cricket,sport
bdrm,sleep,room,furniture
beagle,dog,hound,sniff
beanie,winter,hat,warm
bear,wild,wood,large
beard,facial,hair,male
beasley,dog,detective,sherlock
beast,wild,dangerous,animal
beatles,lennon,music,band
beautician,hair,salon,style
beautiful,gorgeous,stunning,lovely
beauty,gorgeous,allure,charm
beaver,animal,water,build
beckon,signal,gesture,invite
bed,furniture,sleep,room
bedding,cover,sleep,bed
bedroom,sleep,furniture,room
bedsheets,linen,cover,sleep
bedspread,quilt,cover,bed
bedtime,night,sleep,routine
beelzebub,devil,demon,satan
behemoth,large,monster,biblical
beholder,eye,beauty,perceiver
behooves,necessary,required,duty
being,exist,life,form
belief,faith,religion,conviction
believable,trustworthy,credible,real
believer,faithful,church,group
believing,faith,trust,credence
bell-bottoms,fashion,pant,seventy
belle,beautiful,woman,charm
belly,midsection,front,area
belly button,navel,front,middle
belly-button,midriff,navel,hole
beloved,dear,cherished,loved
belt,fasten,waist,secure
ben,affleck,actor,movie
bending,flex,curve,shape
benediction,prayer,church,service
benevolence,goodwill,kindness,good
benevolent,kind,good,caring
bengal,tiger,cat,india
benjamin,franklin,money,hundred
besotted,infatuated,in love,smitten
beta,test,trial,version
bette,davis,actress,classic
better,improves,upgrade,enhances
beyoncé,singer,pop,music
bib,drool,infant,cloth
bible,god,book,
biblical,religious,scripture,testamant
bide,wait,endure,patience
billie,holiday,singer,jazz
billion,large,number,amount
billy,joel,singer,piano
bin,container,storage,trash
bind,tie,restrict,constrain
bingo,game,number,play
biological,nature,genetics,science
biped,walker,human,upright
birth,nativity,start,life
bisexual,orientation,sexual,attraction
bishop,clergy,church,christian
bison,animal,buffalo,wild
bitch,female,dog,derogatory
black,color,dark,absence
blanket,cover,warm,bedding
blazer,jacket,formal,clothes
bleat,sheep,sound,call
bless,praise,thank,grace
blessed,fortunate,lucky,holy
blessing,fortune,good,grace
blog,online,article,writing
bloke,man,guy,male
blondie,singer,pop,music
bloodsucker,vampire,leech,mosquito
bloomer,underwear,old-fashioned,woman
blot,stain,mark,spot
blouse,top,garmant,woman
blowjob,oral,sex,slang
blunt,straightforward,direct,honest
bobble,knit,hat,winter
body suit,one-piece,fashion,tight
bold,courageous,strong,fearless
bombshell,attractive,stunning,woman
bonbon,sweet,chocolate,treat
bond,james,spy,007
bondage,fetish,restraint,sexual
bonding,connection,emotional,close
boner,mistake,error,slip
bongo,drum,percussion,music
boning,sewing,reinforcemant,process
bonjour,hello,french,greeting
bonnet,headgear,hat,baby
bonnie,clyde,couple,crime
bonny,pretty,lovely,scottish
boob,breast,informal,single
booby,trap,bird,island
boot,footwear,shoe,leather
bop,dance,hit,jazz
bosom,chest,breast,woman
bottom,pant,rear,part
boudoir,bedroom,private,sultry
bouffant,hair,style,voluminous
boutique,shop,fashion,small
bovary,flaubert,novel,french
bow,tie,knot,ribbon
bowler,hat,head,sport
boxer,underwear,man,short
boyfriend,partner,male,significant
boyish,masculine,trait,young
bra,support,undergarmant,woman
braid,hair,style,plait
brainwashing,indoctrination,manipulation,mind
bram,stoker,dracula,author
brando,actor,streetcar,godfather
brassiere,undergarmant,support,chest
brave,courageous,valor,hero
braveheart,wallace,scotland,freedom
bravery,courage,heroism,valor
brazen,bold,unashamed,forward
breakup,end,split,separation
breast,mammary,chest,feed
breastfeed,nursing,mother,baby
breastfeeding,nursing,milk,baby
breathes,life,exists,inhales
breed,produce,offspring,create
breeding,procreate,reproduce,offspring
bridal,wedding,marriage,gown
bride,wedding,woman,gown
bridle,harness,horse,control
brimstone,fire,sulfur,hell
bristle,stiff,hair,brush
bro,male,friend,informal
bros,brother,male,friend
brothel,prostitution,house,sex
brother,sibling,male,kin
brotherhood,group,solidarity,male
brow,arch,facial,hair
bruce,willis,actor,die
brunette,hair,dark,color
brusque,abrupt,direct,harsh
buck,deer,male,money
buckle,fasten,belt,secure
bucolic,pastoral,rural,idyllic
buddhist,religion,meditation,temple
buddy,friend,pal,mate
buena,good,spanish,vibe
buffalo,large,mammal,horn
bull,male,cattle,strong
bullet-proof,vest,armor,protective
bungee,jumping,cord,thrill
bunny,rabbit,cute,pet
burlesque,show,dance,performance
burrow,animal,dig,hole
bus,kiss,cheek,quick
businessman,professional,suit,tie
bust,female,chest,measure
butch,masculine,tough,woman
button,closure,shirt,fasten
buxom,voluptuous,curvy,full
buzzy,busy,active,energetic
bye,farewell,parting,goodbye
bygone,past,old,era
cabinet,furniture,storage,room
cackle,laugh,sound,loud
cactus,desert,plant,spiky
cad,scoundrel,rogue,dishonest
caddy,shack,house,golf
cage,enclosure,animal,prison
cain,murder,bible,brother
caine,actor,movie,batman
calgary,canada,alberta,city
caller,visitor,phone,id
camaraderie,friendship,fellowship,bond
camelot,king,round,knight
canaveral,nasa,launch,florida
candid,honest,open,frank
candidly,frankly,honestly,openly
canine,dog,pet,furry
canning,preserving,jar,food
canterbury,tale,medieval,poet
cap,hat,head,cover
cape,superhero,garmant,neck
caped,hero,garmant,superhero
capybara,rodent,large,south america
cardigan,sweater,wool,warm
cardinal,bird,red,important
care,tenderness,nurture,attention
cared,loved,valued,cherished
caregiver,provider,helper,support
carer,provider,support,help
caress,gentle,touch,soft
caretaker,caregiver,guardian,provider
caribou,deer,canada,antler
caring,love,attention,support
carnation,flower,pink,milk
carotene,pigmant,vitamin,orange
carpet,flooring,cover,rug
carpeting,floor,cover,soft
carry,bear,hold,transport
cassia,spice,cinnamon,bark
castrate,neuter,remove,male
casual,relaxed,informal,easygoing
cat,feline,pet,animal
catechism,religious,education,teaching
cathedral,church,large,worship
catholic,religion,church,faith
catholicism,faith,religion,practice
caveman,prehistoric,ancient,man
celestial,heavenly,sky,space
celibacy,abstinence,purity,sex
celibate,abstinent,pure,no sex
centurion,roman,soldier,armor
century,hundred,time,long
ceremonial,formal,event,dress
ceremony,event,formal,rite
chain,link,bond,connection
chair,seat,furniture,sit
chanting,singing,religious,repetitive
chap,leather,leg,cowboy
chapeau,hat,headwear,style
chapel,religious,building,service
charisma,appeal,influence,power
charismatic,attractive,influence,leader
charitable,giving,generous,kind
charity,generosity,giving,help
charles,king,england,name
charleston,dance,city,south
charlotte's,web,book,spider
charm,enchant,delight,attractiveness
charming,allure,attract,delightful
chaste,pure,moral,virtuous
chastity,purity,virtue,moral
chaucer,tale,poet,medieval
cheetah,fast,animal,spotted
chelsea,football,london,club
cheney,dick,politician,vice
cherish,value,treasure,love
cherished,valued,loved,treasured
cherub,angel,baby,innocent
cherubic,angelic,baby,innocent
chest,upper,body,torso
chesterfield,sofa,smoke,furniture
chic,stylish,fashionable,trendy
childbirth,delivery,labor,mother
chimp,ape,africa,primate
chimpanzee,ape,primate,africa
chin,below,face,jaw
chino,pant,cotton,casual
chipmunk,small,animal,nut
chivalrous,courteous,knight,manner
chivalry,knight,manner,code
chopstick,utensil,eat,asian
christ,jesus,faith,bible
christen,baptize,name,ceremony
christening,baptism,ceremony,baby
christian,faith,follower,jesus
christianity,faith,god,church
chum,friend,buddy,pal
church,religious,building,community
ciao,goodbye,italian,greeting
civil,courteous,manner,society
civility,politeness,manner,respect
civilization,society,advanced,human
classic,traditional,enduring,style
classy,elegant,stylish,high
claw,sharp,animal,nail
cleanly,tidy,clean,neat
cleat,sport,shoe,spike
cleavage,bust,display,fashion
clergy,priest,religious,leader
clergyman,priest,church,man
cleric,priest,religious,man
clint,eastwood,actor,dirty
clipper,cut,nail,tool
clitoris,female,anatomy,part
cloak,garmant,cover,wear
clock,time,measure,face
cloister,monastery,quiet,secluded
closeness,intimacy,near,tight
closet,storage,clothes,room
clot,blood,thick,form
cloth,fabric,material,texture
clothe,dress,garmant,attire
clothed,dressed,garmant,wear
clothes,dressing,wearing,fashion
clothing,apparel,wear,fashion
cloven,split,hoof,divided
coat,outer,wear,garmant
coating,layer,protect,surface
cobble,stone,street,pave
cochlear,implant,hearing,device
cock,bird,rooster,farm
coif,hair,style,head
coiffure,hair,style,hairstyle
coliseum,arena,rome,ancient
collapsed,fell,broken,ruined
collectible,antique,memorabilia,valuable
collie,dog,breed,herding
colonial,period,history,british
colosseum,rome,italy,gladiator
colt,gun,revolver,firearm
com,internet,domain,website
comb,hair,tool,style
comfort,ease,solace,snug
comfortable,snug,ease,soft
comforter,bedding,warm,quilt
comforting,soothing,warm,reassuring
comfy,cozy,snug,soft
comma,punctuation,mark,grammar
commandmant,rule,religious,ten
commit,engage,involve,perform
commitmant,dedication,promise,devotion
committed,dedicated,faithful,relationship
communion,ritual,religious,bread
companion,friend,mate,buddy
companionship,relationship,closeness,friendship
compassion,empathy,care,feeling
compassionate,caring,kind,empathetic
compatriot,fellow,countryman,partner
complemant,complete,enhance,match
complexity,intricacy,difficulty,detail
compliant,obedient,submissive,willing
complimant,praise,flatter,nice
complimantary,free,praise,nice
comrade,friend,ally,group
conan,barbarian,warrior,
conceive,create,birth,think
conception,beginning,start,idea
concubine,mistress,secondary,ancient
condom,protection,sex,rubber
confederate,ally,south,old
confess,admit,reveal,secret
confession,admit,church,secret
congregation,follower,group,church
conqueror,victor,history,empire
conservative,traditional,old-fashioned,strict
considerate,thoughtful,kind,caring
consideration,thoughtfulness,empathy,respect
constricting,tight,squeeze,bind
contemporary,modern,current,style
contraception,birth,prevent,method
contraceptive,prevent,birth,method
contrition,remorse,repentance,sorrow
convenience,handy,useful,simple
convent,religious,nun,sister
convert,change,religion,adapt
conviction,belief,strong,moral
copulate,sex,reproduce,mate
copy,replica,imitation,duplicate
cord,wire,electric,tie
cordial,warm,friendly,welcoming
corsage,flower,prom,wrist
corset,undergarmant,tight,fashion
cosmetic,makeup,beauty,enhance
costello,abbott,comedy,
cot,bed,baby,small
cotton,fabric,material,soft
couch,sofa,relax,furniture
cougar,mature,woman,older
countryman,nation,fellow,people
couple,partner,together,pair
courage,bravery,valor,heroism
courageous,brave,bold,hero
courteous,polite,manner,respectful
courtesy,politeness,manner,respect
cousin,family,relative,kin
covalent,bond,chemistry,atom
covenant,promise,biblical,agreemant
cover,protect,shield,conceal
coverage,insurance,protection,policy
coverall,garmant,work,durable
covering,blanket,layer,protect
cowboy,western,rider,hat
cowgirl,female,western,rodeo
coyote,wild,animal,canine
cozy,warm,snug,comfortable
cradle,baby,bed,sleep
cramp,ache,manstrual,pain
crane,bird,lift,sky
cravat,necktie,formal,accessory
crazily,madly,wildly,excessively
crease,fold,fabric,line
creased,folded,fabric,clothes
creature,animal,life,diverse
credible,trustworthy,believable,reliable
credo,principle,belief,value
credulous,gullible,naive,easily
creed,belief,religion,system
crete,island,greece,mediterranean
crib,baby,bed,sleep
crinkle,wrinkle,paper,fabric
crinkled,wrinkled,paper,fabric
criss,cross,path,intersect
critter,animal,small,wild
croatia,country,balkan,europe
crochet,knit,yarn,needle
cromwell,english,civil,leader
cross,religious,symbol,christianity
crotch,area,between,leg
crucifix,christian,symbol,jesus
crucifixion,jesus,death,christian
crucify,nail,jesus,cross
crumple,fold,paper,wrinkle
crumpled,paper,folded,wrinkle
crusade,religious,war,campaign
crusader,warrior,religious,fighter
ctrl-z,undo,keyboard,computer
cub,young,animal,bear
cuckold,betrayed,husband,infidelity
cuddle,embrace,hold,warmth
cuddly,soft,plush,toy
cufflink,accessory,shirt,metal
cult,group,religious,follower
cultural,ethnic,tradition,society
culture,tradition,society,way
cum,seed,fluid,male
cunnilingus,oral,sex,act
cunt,offensive,slang,vulgarity
cupboard,storage,kitchen,furniture
cupid,love,arrow,mythology
curl,hair,bouncy,style
curler,hair,style,tool
curly,hair,style,bouncy
cursed,doomed,hexed,spell
curtain,window,drape,hang
curtsy,bow,polite,gesture
curvaceous,body,shapely,woman
curve,body,shape,line
curvy,body,shape,woman
cushion,soft,seat,comfort
cushioned,padded,soft,seat
cushy,comfortable,soft,easy
custom,habit,tradition,practice
cute,adorable,attractive,charming
cutoff,short,denim,pant
cutting,sharp,blade,tool
da,vinci,art,code
dad,father,male,parent
dada,art,movemant,abstract
daddy,father,affectionate,term
dainty,delicate,fragile,pretty
dallas,cowboy,texas,city
dalmatian,dog,spotted,breed
dame,title,woman,respect
damnation,hell,eternal,punishmant
damned,doomed,hell,fate
damsel,woman,distress,old
dancer,performer,stage,ballet
dandles,swing,baby,gently
dandy,stylish,man,neat
dapper,neat,sharp,smart
dappled,spotted,pattern,color
dare,challenge,bold,risk
daredevil,risk,stunt,bold
daring,bold,brave,adventure
darling,loved,dear,affectionate
darn,sew,fix,mand
darning,sewing,manding,activity
darwin,evolution,specie,science
dash,line,marked,path
dashed,crashed,broken,quick
dashing,smart,stylish,quick
date,romantic,outing,meet
dating,relationship,romance,love
daughter,child,female,offspring
davenport,sofa,city,furniture
deacon,church,official,assistant
dean,martin,actor,comedian
dear,beloved,cherished,valued
dearest,loved,valued,most
dearly,beloved,valued,greatly
debonair,stylish,suave,smooth
decade,ten,year,period
decency,morality,virtue,ethic
decor,interior,style,design
decorate,embellish,house,beautify
decorating,house,style,beautify
decorum,manner,propriety,decor
dee,singer,song,music
deer,animal,forest,graceful
deify,exalt,worship,admire
deity,god,sacred,worship
deletion,removal,erase,data
deli,shop,food,sandwich
delta,river,water,triangle
demantia,memory,loss,aging
demi,lovato,actress,singer
demon,evil,spirit,satanic
demure,reserved,modest,shy
denier,fabric,fiber,textile
denim,fabric,jean,material
depreciate,lessen,reduce,value
derby,race,horse,event
descendant,offspring,child,kin
desirable,wanted,attractive,sought
desmond,tutu,bishop,south
dessicate,dry,preserve,remove
destroys,ruin,end,obliterate
devil,evil,fallen,myth
devoted,loyal,dedicated,earnest
devotee,follower,believer,loyal
devotion,love,loyalty,fidelity
devout,pious,religious,earnest
dharma,teaching,religion,wheel
dick,slang,penis,vulgar
die,hard,action,movie
dignity,respect,honor,esteem
dildo,sex,toy,object
dingo,dog,australian,wild
directive,order,rule,guide
dirk,nowitzki,basketball,player
discarded,thrown,away,refuse
disciple,follower,student,teacher
dishonorable,unfair,shameful,act
disobedience,non-compliance,defiance,act
disrobe,undress,remove,clothes
distinguished,eminent,notable,respected
diva,star,famous,singer
divan,sofa,lounge,furniture
divine,godly,heavenly,perfect
divinity,god,holy,sacred
divorce,end,marriage,split
divorced,ended,marriage,split
dix,south,direction,compass
docile,tame,gentle,submissive
doctrine,belief,system,religious
doe,female,deer,animal
dog,canine,pet,animal
dogma,belief,doctrine,strict
dogmatic,unyielding,strict,belief
doily,lace,mat,decorative
dollar,currency,money,cash
domestic,home,tame,life
domesticated,tamed,animal,house
dominant,controlling,leading,assertive
don,gentleman,mister,title
dona,lady,title,respect
donate,give,charity,contribute
donating,giving,charity,contribute
donation,gift,money,charity
donkey,burro,animal,beast
donor,giver,contributor,benefactor
doomsday,apocalypse,end,prophecy
doorman,gatekeeper,building,entrance
dorothy,gale,wizard,oz
dot,spot,pattern,small
dotted,pattern,cloth,spot
dotty,spotted,quirky,pattern
doze,sleep,nap,rest
dr,house,medicine,tv
dracula,vampire,transylvania,novel
drape,window,covering,cloth
drat,exclaim,frustration,expression
drawer,storage,furniture,clothes
dread,fear,hairstyle,lock
dreamboat,handome,man,attractive
dreamy,idealistic,whimsical,soft
dress,gown,outfit,clothing
dressed,wearing,clothes,outfitted
dresser,furniture,clothes,bedroom
dressmaker,tailor,clothing,maker
dressy,formal,fancy,attire
droopy,saggy,cartoon,dog
duck-billed,platypus,animal,unique
duckbill,platypus,animal,beak
dude,man,guy,male
dumbo,elephant,cartoon,large
dungaree,jean,pant,denim
dungeon,and,dragon,game
duvet,bed,cover,blanket
dy,pas,away,cease
dyke,levee,water,barrier
décolletage,neckline,low,fashion
eaglet,young,eagle,bird
earnest,serious,sincere,dedicated
earnestly,seriously,deeply,truly
earnestness,seriousness,sincerity,depth
earthling,human,planet,being
east,timor,asia,direction
easter,holiday,resurrection,christian
easy,simple,straightforward,relaxed
easy-going,relaxed,laid-back,chill
easygoing,relaxed,laid-back,casual
echidna,spiny,mammal,australia
edger,tool,lawn,border
edna,moda,designer,fashion
effeminate,delicate,gentle,soft
eighty,decade,music,fashion
ejaculate,release,seman,fluid
ejaculation,release,seman,fluid
elan,luxury,car,style
elder,senior,respected,age
elderly,old,senior,age
elegance,beauty,grace,style
elegant,graceful,refined,beautiful
elephant,large,mammal,trunk
elijah,prophet,bible,jewish
elk,large,animal,antler
ellipsis,omission,dot,
elope,marry,secretly,runaway
elvis,presley,music,rock
embed,incorporate,integrate,include
embellish,decorate,adorn,beautify
embrace,hug,hold,affection
embroidery,stitch,needle,art
embryo,developmant,early,stage
emily,dickinson,poetry,writer
eminent,distinguished,prominent,noted
empathetic,compassionate,understanding,feeling
empathic,understanding,feeling,sensitive
empathize,understand,feel,share
empathy,feeling,understanding,share
emphatic,forceful,strong,expression
emphatize,sympathize,understand,relate
enamored,smitten,love,infatuated
endangered,at risk,specie,protect
endearmant,affection,term,loving
endocrine,gland,body,system
engaged,betrothed,promised,committed
engagemant,proposal,marriage,ring
entice,lure,attract,seduce
enticing,alluring,attractive,lure
environed,surrounded,environmant,nature
eon,age,long,time
epoch,time,period,significant
equine,horse,animal,
era,time,period,history
erect,upright,stiff,arousal
erection,arousal,physical,sexual
eros,love,greek,god
erotic,sensual,arousing,sexual
errand,chore,task,list
erstwhile,past,previous,former
esau,jacob,bible,brother
escort,accompany,date,service
estate,property,wealth,land
esteemed,respected,revered,admired
estrogen,hormone,female,biology
estuary,river,mouth,tidal
etiquette,manner,protocol,social
eu,union,country,europe
eucharist,religious,service,bread
euro's,currency,money,union
europe,continent,union,country
european,union,country,continent
eva,peron,argentina,first
evangelical,christian,preacher,zealous
evolution,developmant,progression,change
evolve,develop,adapt,grow
ewe,female,sheep,animal
ex,former,past,relationship
ex-husband,former,spouse,married
ex-wife,former,spouse,married
exalt,praise,elevate,glorify
executive,leader,corporate,senior
exists,life,being,
exodus,departure,mass,migration
exquisite,beautiful,perfect,delicate
extra,additional,more,surplus
extra-marital,affair,relationship,unfaithful
extramarital,affair,relationship,cheating
extremity,limb,end,body
eyebrow,facial,hair,arch
eyelash,eye,hair,blink
eyelid,blink,cover,eye
eyeliner,makeup,eye,cosmetic
eyeshadow,makeup,eye,color
eyre,bronte,book,novel
fabric,material,cloth,textile
facial,treatmant,care,beauty
factually,truthfully,accurately,reliably
fad,trend,craze,style
fails,unsuccessful,attempt,error
faith,belief,trust,religion
faithful,loyal,devoted,dedicated
faithfully,loyally,devotedly,earnestly
faithfulness,loyalty,devotion,adherence
faithless,unfaithful,disloyal,untrustworthy
falcon,bird,prey,swift
fallopian,tube,reproductive,ovary
family,relative,home,group
fancy,elaborate,ornate,lavish
fang,tooth,vampire,sharp
farewell,goodbye,parting,leave
fashion,style,trend,vogue
fashionable,stylish,trendy,chic
fashioned,old,traditional,style
fashionista,stylish,trendy,guru
fasten,secure,attach,fix
fastener,clip,button,secure
fastening,securing,binding,attaching
fate,destiny,luck,predestined
father,parent,dad,male
fatherly,guiding,nurturing,caring
favor,approval,support,backing
fawn,deer,young,light
fealty,loyalty,allegiance,
feared,intimidated,scared,worried
fearless,brave,undaunted,bold
feature,trait,characteristic,attribute
fecund,fruitful,productive,fertile
fedora,hat,style,accessory
feeding,nursing,giving,mother
felicitation,congratulation,greeting,cheer
feline,cat,domestic,animal
fella,guy,man,buddy
fellatio,oral,sex,act
fellow,peer,companion,colleague
fellowship,community,group,communion
felt,material,textile,soft
female,woman,lady,gender
feminine,womanly,soft,gentle
feminism,movemant,right,equality
feminist,advocate,right,gender
feral,wild,untamed,animal
ferret,small,mammal,pet
fertile,productive,prolific,rich
fertility,ability,procreate,productive
fertilization,process,conception,impregnation
fetish,obsession,sexual,intense
fetus,developing,unborn,embryo
fiancee,engaged,marry,woman
fiancé,engaged,marry,man
fiber,material,textile,thread
fidelity,loyalty,faithfulness,allegiance
fifty,number,age,decade
fighter,combatant,warrior,military
filly,young,horse,mare
filmy,transparent,sheer,light
finch,bird,small,colorful
finesse,skill,elegance,style
fink,informer,snitch,traitor
finland,helsinki,snow,country
firehouse,emergency,service,building
fishtail,hairstyle,braid,mermaid
fit,suitable,correct,appropriate
fitted,adapted,suited,clothing
fitting,appropriate,suitable,correct
five,number,digit,count
flaccid,limp,weak,soft
flannel,material,shirt,soft
flapper,twenty,dance,dress
flare,trouser,bright,fashion
flatmate,roommate,cohabitant,sharing
flattering,enhancing,attractive,beauty
flax,seed,plant,linen
fleece,material,soft,warm
fleetwood,mac,music,band
fling,brief,encounter,temporary
flipflops,casual,shoe,beach
flirt,coquettish,playful,tease
flirting,playful,suggestive,tease
flock,group,bird,gather
flooring,wood,tile,surface
floppy,soft,hat,bendable
fluff,soft,light,airy
fluffy,soft,cuddly,light
flung,thrown,tossed,hurled
foal,young,horse,newborn
foaming,bubbling,frothing,liquid
fold,crease,bend,paper
folded,creased,bent,paper
folding,crease,bend,paper
folk,people,family,group
follicle,hair,root,scalp
follower,devotee,adherent,fan
follows,obeys,adheres,abides
fond,affectionate,loving,tender
fondle,caress,touch,stroke
fondness,affection,liking,warmth
foodie,gourmet,eater,cuisine
foot,walking,toe,base
footprint,mark,evidence,trace
footrest,support,comfort,foot
footsie,play,market,trading
footstool,support,foot,furniture
footwear,shoe,boot,sandal
fop,dandy,man,vain
forebear,ancestor,predecessor,heritage
forefather,ancestor,pioneer,founder
forehead,brow,face,upper
forename,given,name,personal
forensics,science,crime,investigation
foreplay,intimacy,arousal,sexual
forget,overlook,omit,neglect
forgetful,scatterbrained,absentminded,oblivious
forgetting,overlooking,omitting,neglecting
forgive,pardon,absolve,excuse
forgiven,pardoned,absolved,excused
forgiveness,pardon,absolution,mercy
forgiving,merciful,absolving,pardoning
forgot,overlook,omit,slip
forgotten,overlooked,unremembered,past
formal,proper,stiff,ceremonial
formality,ceremony,ritual,propriety
forming,shaping,developing,creating
forthcoming,ready,available,open
forthright,direct,straightforward,honest
forty,age,number,decade
forty-five,age,number,midlife
foundation,base,charity,structure
fox,animal,clever,wild
foxy,attractive,clever,sly
franciscan,monk,order,catholic
frank,honest,direct,blunt
frankly,honestly,openly,directly
frat,group,brotherhood,college
fraternity,brotherhood,group,brother
fray,conflict,battle,scuffle
freckle,spot,skin,mark
freckled,spotted,marked,skin
friar,monk,religious,brother
friendliness,amity,kindness,warmth
friendly,amiable,amicable,kind
friendship,bond,connection,companionship
frill,decoration,trim,embellishmant
frilly,decorative,fancy,ornate
frisk,search,pat,check
frisky,playful,lively,spirited
fritter,waste,squander,spend
frizz,hair,unruly,unmanageable
frock,dress,garmant,style
frontier,edge,border,area
frostbite,cold,injury,damage
fuck,swear,curse,vulgar
fundamantal,basic,principle,essential
fundamantalist,strict,religious,adherent
fur,coat,hairy,animal
furnishing,home,decor,interior
furniture,home,piece,interior
furrowed,brow,line,wrinkled
furry,animal,hairy,coat
futon,bed,japanese,mattress
fuzz,fluff,light,hair
fuzzy,light,soft,hair
g'day,hello,greeting,australian
gab,talk,chat,converse
gaga,enthusiastic,fan,excited
gal,woman,female,person
gala,event,celebration,festival
galahad,knight,round,arthur
gallant,brave,noble,chivalrous
gamma,ray,radiation,light
garb,clothes,outfit,attire
garmant,clothing,attire,clothes
garter,band,stocking,support
gasp,shocked,breath,surprise
gay,homosexual,merry,bright
gazelle,animal,graceful,fast
geisha,japanese,hostess,performer
gender,sex,identity,role
genealogy,family,history,research
generation,family,era,group
generosity,charity,giving,kindness
generous,giving,bountiful,lavish
genital,reproductive,organ,private
genitalia,reproductive,organ,female
genitals,reproductive,organ,male
gent,refined,polite,man
gentle,soft,mild,kind
gentleman,polite,refined,suave
gentlemanly,polite,courteous,refined
gentleness,softness,tenderness,kindness
gently,kindly,softly,lightly
genuine,authentic,real,honest
genuinely,sincerely,honestly,truly
gerbil,small,rodent,pet
geriatric,old,elderly,aged
germaine,greer,feminist,writer
gerri,halliwell,spice,ginger
gesticulate,signal,indicate,show
gesture,motion,movemant,sign
gi,army,soldier,military
gift,present,offering,treat
gigolo,male,escort,companion
ginsberg,poet,beat,howl
giraffe,tall,animal,neck
girdle,support,underwear,female
girl,female,young,woman
girlfriend,partner,romantic,companion
girly,feminine,pink,delicate
giver,donor,benefactor,provider
giving,charity,donating,altruistic
gladiator,fighter,roman,arena
glamorous,fancy,stylish,attractive
glove,hand,cover,protect
gluing,adhering,sticking,binding
gnarled,twisted,knotted,old
gnu,animal,antelope,wild
goat,animal,farm,horned
goatee,beard,facial,hair
god,faith,christianity,creator
godfather,crime,novel,leader
godless,atheist,nonbeliever,irreligious
godlessness,absence,atheism,irreligion
godliness,virtue,piety,holiness
godly,pious,devout,religious
godmother,female,sponsor,fairy
gonad,reproductive,gland,male
good-looking,attractive,handome,stylish
goodbye,farewell,parting,leave
goodness,virtue,quality,moral
goodnight,evening,sleep,farewell
goodwill,kindness,benevolence,generosity
gopher,animal,burrow,rodent
gordon,ramsay,chef,tv
gorgeous,beautiful,stunning,lovely
gorilla,ape,large,strong
gospel,christian,news,good
gothic,architecture,dark,style
gown,dress,formal,elegant
gr,abbreviation,gram,measure
grace,poise,elegance,beauty
graceful,elegant,poised,smooth
gracefully,elegantly,beautifully,smoothly
graceland,elvis,memphis,home
gracious,kind,courteous,polite
grail,holy,relic,quest
gran,elderly,female,family
grandchild,descendant,child,family
granddaughter,female,grandchild,family
grandfather,elderly,male,family
grandma,elderly,female,family
grandmother,elderly,female,family
grandpa,elderly,male,family
grandparent,elder,family,relative
grandson,male,grandchild,family
granny,elderly,affectionate,term
grassland,prairie,open,ecosystem
grateful,thankful,appreciative,obliged
gratitude,thankfulness,appreciation,thankful
gratuity,tip,extra,money
gravely,serious,solemn,severe
greek,mythology,ancient,athens
greenback,money,cash,bill
greet,welcome,meet,salutation
greeter,welcomer,host,usher
greeting,salutation,welcome,hello
gregorian,calendar,chant,month
grizzly,bear,wild,large
groin,anatomical,area,lower
groom,wed,marriage,bridegroom
groovy,cool,excellent,hip
grope,fondle,touch,inappropriate
groundhog,animal,weather,predictor
growl,animal,sound,fierce
grownup,adult,mature,people
gruff,rough,harsh,voice
guardian,protector,defender,caretaker
guy,male,man,fellow
habit,custom,routine,practice
hades,underworld,god,greek
hair,follicle,strand,head
haircut,style,cut,trim
hairdo,arrangemant,style,form
hairdresser,stylist,salon,coiffeur
hairless,bald,smooth,without
hairline,forehead,receding,edge
hairspray,styling,spray,hold
hairstyle,cut,style,form
hairy,furry,shaggy,bushy
haiti,port-au-prince,caribbean,island
hajj,pilgrimage,mecca,muslim
halal,permissible,food,islamic
hallelujah,praise,exclaim,rejoice
hallo,greeting,hello,german
halo,ring,angelic,headwear
hammock,sleep,net,hanging
hamster,rodent,pet,small
handhake,grip,meeting,formal
handlebar,mustache,facial,hair
handome,attractive,good-looking,man
hanger,for clothes,storage,rod
hanukkah,festival,jewish,light
happy-go-lucky,carefree,cheerful,happy
hard-on,erection,arousal,sexual
hardcore,intense,severe,music
hardwood,floor,timber,tree
hare,rabbit,fast,animal
harlot,prostitute,woman,derogatory
harness,control,secure,gear
hart,deer,stag,male
hasid,jewish,sect,orthodox
hassock,footrest,cushion,kneel
hast,have,posse,own
hat,headwear,cap,apparel
hawkins,stranger,eleven,series
hayes,president,rutherford,usa
headlight,car,front,light
hearted,sincere,genuine,deep
heartfelt,sincere,deep,emotion
heathen,nonbeliever,pagan,ungodly
heaven,paradise,bliss,afterlife
heavenly,divine,blissful,spiritual
heaving,intense,strong,effort
hebrew,language,ancient,israel
hedgehog,animal,spiny,small
heel,back,foot,shoe
hefner,playboy,magazine,founder
hell,place,inferno,bad
hellfire,inferno,flame,punishmant
hellish,demonic,infernal,awful
hello,greeting,welcome,salutation
helpful,useful,assisting,supportive
hem,fabric,edge,sew
hemming,sewing,stitching,fabric
hemp,plant,fiber,textile
henry,viii,king,england
hera,goddess,greek,zeus
hercules,hero,greek,strength
herd,group,cattle,animal
heretic,nonbeliever,dissent,heresy
heritage,ancestry,culture,tradition
herman,melville,moby,author
hero,courageous,valiant,figure
heroic,brave,valiant,gallant
heroism,bravery,courage,valor
herringbone,pattern,fabric,v
hershey,chocolate,town,pennsylvania
hershey's,chocolate,bar,sweet
hess,hermann,author,siddhartha
hey,greeting,hi,informal
hi,greeting,high,casual
hide,skin,conceals,leather
himalaya,mountain,range,peak
hindu,religion,deity,temple
hinduism,religion,practice,deity
hip,pelvis,body,dance
hippie,counterculture,1960s,bohemian
hippo,large,mammal,water
hippopotamus,large,mammal,africa
hipster,trendy,young,urban
hirsute,hairy,shaggy,bushy
historic,noteworthy,significant,past
historical,recorded,past,event
history,past,event,study
ho,stocking,worn,leg
hobbit,tolkien,middle-earth,bilbo
hoe,tool,gardening,dig
hole,opening,gap,space
holey,sacred,sock,perforated
holier,more,virtuous,than
holiness,sacredness,purity,spirituality
holocaust,tragedy,world,ii
holy,sacred,divine,pure
homely,simple,plain,unadorned
homemaker,family,manager,domestic
homey,comfortable,cozy,familiar
homily,sermon,moral,speech
hominid,ancient,human,specie
homo,sapiens,evolution,specie
homosexual,gay,same-sex,preference
homosexuality,same-sex,attraction,orientation
honest,truthful,sincere,candid
honestly,truthfully,genuinely,openly
honesty,truthfulness,integrity,sincerity
honeymoon,trip,marriage,after
honor,respect,integrity,virtue
honorable,respected,esteemed,principled
honored,respected,esteemed,valued
hood,covering,car,head
hoodie,sweatshirt,casual,wear
hoodlum,criminal,gangster,thug
hoof,animal,foot,hard
hook,catch,fasten,secure
hooker,prostitute,street,slang
hop,jump,skip,leap
hormone,chemical,body,biological
horn,antler,animal,sharp
horny,aroused,excited,sexual
horse,animal,ride,race
horse-like,equine,resembling,like
horseman,rider,apocalypse,biblical
hosiery,stocking,nylon,leg
hospice,care,end,medical
hospitable,welcoming,friendly,warm
hospitality,welcoming,friendly,care
hound,dog,track,breed
household,relative,unit,group
housewife,spouse,domestic,married
howdy,greeting,western,hello
howl,animal,sound,bay
hug,embrace,squeeze,affection
hugable,cuddly,lovable,affectionate
hugh,laurie,actor,house
hullo,hello,greeting,casual
human,specie,mankind,sapiens
humane,compassionate,kind,caring
humanity,people,compassion,society
humankind,specie,mankind,people
humble,modest,simple,unassuming
humility,modesty,decency,virtue
hundred,century,year,count
hunk,attractive,man,muscular
hunt,pursue,game,activity
hunted,chased,pursued,game
hunter,pursuer,game,person
hunting,chase,game,activity
hurrying,rushing,fast,quick
husband,spouse,married,man
hussy,promiscuous,woman,slang
hutch,starsky,tv,detective
hyena,animal,predator,africa
hyman,virginity,membrane,anatomy
hymn,spiritual,song,worship
i's,personal,pronoun,possessive
icecap,frozen,peak,glacier
ideate,think,create,imagine
ideology,system,belief,political
idiosyncrasy,quirk,peculiar,trait
idiot,fool,unintelligent,people
idol,revered,figure,worshiped
idolatry,worship,excessive,obsession
idolized,adored,revered,celebrated
ignored,overlooked,neglected,unseen
ilk,type,kind,category
ill-fitting,poorly,misfit,awkward
imam,islamic,leader,cleric
imitates,copy,mimic,emulate
immodest,improper,revealing,bold
immoral,wrong,sinful,unethical
implant,insert,medical,device
impregnate,fertilize,conceive,
impression,effect,influence,mark
imprint,mark,impression,effect
in-law,family,relative,connected
inbreeding,genetic,close,breeding
incest,taboo,family,sexual
indianapolis,500,race,city
infant,baby,newborn,young
infatuated,smitten,obsessed,enchanted
infernal,hellish,demonic,diabolic
infertile,unable,sterile,barren
infidel,nonbeliever,unbeliever,heathen
infiltrate,enter,sneak,penetrate
infirm,weak,elderly,frail
informal,casual,easygoing,laid-back
inky,dark,black,deep
inn,lodging,hotel,place
innuendo,suggestion,hint,implied
insanely,madly,crazily,wildly
insemination,fertilization,artificial,reproductive
insertion,insert,place,entry
instinct,natural,intuition,gut
integrity,honesty,principle,uprightness
intercourse,sexual,relation,activity
interior,inside,inner,room
intermittent,sporadic,periodic,occasional
intertwine,entangle,interweave,twist
intertwined,entangled,connected,interlaced
intimacy,closeness,privacy,connection
intimate,close,personal,detailed
introduce,present,meet,
introduction,preface,beginning,entry
invisibility,cloaking,unseen,hidden
inviting,alluring,tempting,welcoming
ionic,charged,atom,particle
ironed,pressed,flat,smooth
isaac,newton,science,bible
ishmael,bible,abraham,son
islam,religion,quran,muhammad
israel,country,middle-east,jerusalem
israeli,country,middle-east,netanyahu
italian,people,pasta,country
italic,typeface,slanted,style
iud,contraceptive,device,birth
ivory,white,tusk,precious
jackal,canine,wild,predator
jacket,outerwear,rain,garmant
jacob,israel,patriarch,twelve
jaguar,animal,big cat,spotted
james,bond,author,novel
jane,austen,literature,pride
jason,argonaut,golden,hero
jay,leno,tonight,host
jean,denim,pant,fabric
jerry,seinfeld,comedian,tv
jerusalem,city,holy,israel
jesse,james,outlaw,wild
jesuit,religious,priest,catholic
jesus,christ,christianity,savior
jew,people,culture,israel
jewish,religion,culture,tradition
jill,hill,climb,nursery
jimmy,hendrix,music,guitar
joan,of arc,saint,martyr
joe,biden,president,politics
joey,tribbiani,friend,character
jogger,runner,athletic,pant
jogging,running,pant,sport
john,lennon,beatles,music
jones,indiana,adventure,archaeologist
joseph,bible,egypt,dream
joyce,dubliner,author,literature
judaism,religion,jewish,faith
judge,judicial,officiators,arbiter
judi,dench,actress,british
judy,garland,wizard,oz
julianne,hough,dancer,actress
jumper,sweater,pullover,knit
jungle,tropical,forest,dense
justified,right,fair,lawful
jute,fiber,natural,textile
kain,jesus,christianity,carpenter
kangaroo,marsupial,australian,hop
karma,destiny,fate,effect
kebab,meat,skewer,grilled
kennedy,president,usa,1963
kenya,country,nairobi,africa
key,unlock,open,tool
key ring,ring,key,holder
kimono,traditional,japanese,garmant
kin,family,relative,clan
kind,generous,compassionate,considerate
kindly,benevolent,cordial,warm
kindness,goodness,generosity,care
kindred,family,relative,connection
king,arthur,crown,england
kink,twist,bend,deviation
kinky,sexual,deviant,nontraditional
kinship,family,relative,bond
kip,nap,sleep,snooze
kirk,captain,enterprise,spock
kiss,smooch,peck,affectionate
kissing,smooch,peck,affection
kith,friend,companion,relation
kitkat,chocolate,candy,break
kitten,young,cat,small
kitty,cat,small,pet
kneel,bow,respect,down
knickers,underwear,female,garmant
knight,armed,warrior,medieval
knit,create,wool,activity
knitted,made,yarn,sweater
knitting,create,yarn,fabric
knot,tie,bind,loop
knotted,tied,twisted,complex
knowles,beyoncé,singer,destiny
koala,marsupial,bear,australian
kohl,angela,chancellor,germany
kool-aid,drink,sugar,flavored
koran,muslim,holy,book
kosher,permissible,food,jewish
kyoto,city,japan,temple
l,lawsuit,school,suit
lab,science,room,research
labium,female,anatomy,genital
labrador,dog,breed,black
lace,shoestring,tie,shoe
lacey,smith,actress,tv
lacrosse,sport,game,stick
lad,young,boy,male
laddie,young,boy,scottish
lady,woman,feminine,group
laid-back,relaxed,easy,chill
laity,common,people,church
lamb,young,sheep,soft
laminate,wood,plastic,cover
lancelot,arthur,knight,round
lap,sit,rest,perch
lapel,collar,suit,jacket
lapland,santa,finland,claus
larder,pantry,food,storage
lariat,rope,cowboy,loop
lash,eyelash,hit,strike
lass,young,girl,informal
lassie,dog,show,collie
lasso,rope,catch,cowboy
laud,praise,command,extol
lavish,extravagant,opulent,rich
lawrencium,elemant,periodic,heavy
lax,relaxed,careless,loose
layer,sheet,fabric,stack
laze,idle,relax,inactive
leaper,jumper,athlete,high
leaping,jumping,bounding,springing
leash,restraint,control,dog
leather,skin,material,durable
leathery,tough,textured,material
leg,limb,walk,lower
leg it,real,genuine,authentic
legacy,inheritance,tradition,history
legging,stretch,fabric,fit
legitimate,lawful,rightful,genuine
lenient,tolerant,forgiving,easygoing
lennon,beatles,music,imagine
leonard,cohen,music,hallelujah
leopard,big cat,spotted,wild
leotard,gymnastic,outfit,tight
lesbian,gay,woman,orientation
levi,jean,denim,strauss
libido,sexual,desire,drive
lid,cover,top,container
life,existence,being,vitality
lifespan,duration,existence,age
lifetime,existence,duration,period
likable,agreeable,pleasant,nice
like,similar,enjoy,resemble
lineage,family,ancestor,heritage
linen,fabric,flax,textile
lingerie,undergarmant,woman,delicate
lining,inside,coat,material
linnie,profile,high,suspect
linoleum,flooring,material,vinyl
lint,fluff,fiber,tiny
lion,big,cat,wild
lioness,female,big,cat
lip,mouth,facial,feature
lipstick,cosmetic,color,beauty
literally,exactly,precisely,actually
liverpool,football,club,city
llama,animal,andes,woolly
lo,look,behold,see
lock,hair,secure,door
loin,meat,area,between
long,extended,far,distance
longevity,long life,duration,time
longhorn,cattle,texas,breed
loom,weave,device,thread
loose,not tight,not tense,
loosen,unfasten,relax,free
louis,xiv,france,king
lounge,relax,bar,furniture
lovable,endearing,sweet,charming
love,affection,romance,passion
loved,cherished,adored,treasured
lovely,charming,delightful,beautiful
lover,romantic,partner,companion
lovestruck,infatuated,smitten,in love
loving,affectionate,caring,warm
lovingly,affectionately,tenderly,warmly
lox,smoked,salmon,fish
loyal,faithful,devoted,steadfast
loyalty,fidelity,devotion,faithfulness
lucifer,devil,fallen,angel
luger,pistol,firearm,german
lunge,attack,spring,forward
lupine,wolf-like,canine,wild
lure,attract,tempt,seduce
lurk,stalk,skulk,hide
lust,desire,passion,yearn
luther,martin,reformer,german
luxurious,fancy,opulent,rich
luxury,richness,opulence,wealth
lycanthropy,werewolf,transformation,myth
lycra,fabric,stretch,apparel
m,miss,woman,title
ma,mother,informal,term
ma'am,woman,polite,title
mackerel,fish,oceanic,silver
madam,woman,polite,title
madame,lady,polite,title
mademoiselle,woman,feminine,title
madly,passionately,intensely,wildly
madonna,pop,singer,vogue
mag,publication,magazine,periodical
magdalene,mary,bible,follower
magi,wise,man,biblical
maiden,young,woman,unmarried
makeup,cosmetic,beauty,face
male,adult,human,gender
maltese,dog,breed,island
mama,mother,informal,affectionate
mammal,animal,creature,living
mammaries,breast,human,gland
mammary,breast,gland,milk
mammoth,huge,extinct,beast
man,adult,human,male
man's,male,gender,clothing
manatee,sea,cow,aquatic
mand,repair,fix,heal
mane,hair,neck,horse
manhood,masculinity,male,adult
mankind,humanity,people,specie
manly,masculine,manful,strong
manner,politeness,civility,respect
mannerism,habit,peculiarity,trait
mannerly,polite,courteous,refined
manopause,aging,hormone,woman
manses,period,cycle,woman
manstrual,cycle,period,bleed
manstruate,bleed,cycle,period
manstruation,period,cycle,bleeding
mantis,insect,green,predator
mantra,saying,phrase,repeated
marco,polo,explorer,venetian
mare,female,horse,adult
marilyn,monroe,actress,icon
marital,married,life,state
marked,notable,distinguished,significant
marlon,brando,actor,icon
marmot,small,rodent,animal
marnia,chronicle,fantasy,lewis
marquis,de sade,noble,writer
marriage,wedding,union,wedlock
married,wedded,spousal,coupled
marry,wed,spouse,together
marsupial,animal,pouched,native
martin,luther,king,right
martyr,sacrifice,saint,devoted
mary,magdalene,mother,virgin
mascara,eye,beauty,cosmetic
masculine,manly,virile,strong
masturbate,self,pleasure,sexual
masturbation,self,pleasure,sexual
matador,bullfighter,spanish,bull
match,ignite,fire,start
mate,partner,pair,couple
material,substance,fabric,textile
maternal,motherly,nurturing,caring
mating,reproduction,animal,breed
matriarch,elder,woman,leader
matrimony,wedlock,marriage,ceremony
mattress,bedding,sleep,pad
matured,aged,seasoned,ripe
matzo,passover,bread,jewish
mayan,civilization,ancient,temple
mayflower,ship,pilgrim,voyage
meanie,mean,person,bully
mecca,holy,islam,pilgrimage
medieval,historical,period,age
meek,gentle,submissive,humble
meekness,humility,gentleness,timid
melanin,pigmant,skin,dark
memoir,life,book,narrative
memory,recall,past,ability
meow,cat,purr,sound
merciful,kind,compassionate,forgiving
mercy,compassion,kindness,forgiveness
mere,simple,only,just
mesh,net,wire,fabric
messiah,savior,jesus,redeemer
methodist,church,christian,wesley
mew,cat,kitten,purr
mia,farrow,actress,film
michaelangelo,artist,sistine,sculptor
middle,east,geography,school
middle-east,region,israel,politics
midwife,birth,attend,healthcare
milkman,delivery,dairy,job
millennium,era,1000,decade
miller,brewer,surname,glenn
million,thousand,money,wealth
mimic,copy,imitate,replicate
minaret,tower,mosque,architecture
minister,clergy,church,governmant
mink,fur,animal,coat
minotaur,myth,labyrinth,monster
miss,wife,married,woman
missionary,religion,preach,convert
missus,wife,spouse,woman
mister,sir,man,formal
mistress,woman,lover,affair
miter,saw,carpentry,angle
mitten,winter,hand,warm
modern,contemporary,current,style
modest,humble,simple,unassuming
modesty,humility,shyness,reserve
modish,trendy,stylish,fashionable
moe,simpson,bar,bartender
mohamed,prophet,islam,quran
mohawk,hairstyle,tribe,punk
mole,skin,animal,spot
molecule,atom,science,tiny
molest,abuse,harass,assault
molt,shed,feather,skin
mom,mother,parent,female
momantous,significant,important,event
mommy,mother,parent,female
mon,mount,hill,geology
monastery,religious,building,community
mongoose,animal,wild,carnivore
monk,religious,celibate,man
monkey,primate,animal,play
monogamy,marriage,fidelity,relationship
monsieur,sir,french,title
monumant,structure,historical,building
mood,emotion,feeling,state
moore,director,fahrenheit,film
moose,animal,big,antler
more,tradition,custom,society
mormon,church,lds,utah
moroni,lds,prophet,angel
mosaic,art,pattern,design
moses,bible,prophet,mount
mosque,islamic,prayer,building
mother,parent,female,caring
motherhood,parenting,nurture,care
motherly,maternal,caring,nurturing
mottled,spotted,pattern,marking
mouse,rodent,rat,small
mowgli,jungle,book,boy
mr,doubtfire,title,character
ms.,miss,woman,title
muezzin,islamic,caller,prayer
muff,warm,clothing,winter
muhammed,prophet,islam,quran
mum,mother,parent,female
municipal,city,governmant,local
murray,tennis,andy,athlete
museum,art,history,collection
muslim,faith,quran,community
mustache,hair,lip,facial
mustelid,weasel,ferret,animal
mutt,dog,canine,pet
muttonchops,facial,beard,hair
naked,bare,uncovered,exposed
nakedness,bare,unclad,exposed
name,identity,personal,title
nan,grandmother,elder,female
nana,grandmother,grandma,elder
nap,sleep,rest,relax
napkin,cloth,table,wipe
nativity,christmas,birth,jesus
navel,belly,body,stomach
nazareth,jesus,birthplace,city
neanderthal,ancient,human,specie
neckline,clothing,fashion,dress
necktie,fashion,shirt,accessory
needle,sewing,sharp,thread
needlepoint,embroidery,sewing,craft
needlework,sewing,craft,stitching
negligee,sleepwear,clothes,comfort
neolithic,ancient,stone,age
nepal,everest,country,himalaya
nephew,boy,relative,son
nepotism,favoritism,power,family
netflix,streaming,series,medium
neuter,spay,castrate,animal
newfoundland,dog,canada,island
nice,pleasant,kind,good
nicely,pleasantly,well,good
niceness,kindness,goodness,pleasant
niece,girl,relative,daughter
nifty,clever,smart,sharp
nightdress,nightwear,sleep,clothes
nightgown,sleepwear,female,clothes
nightie,sleepwear,night,clothes
nightwear,pajama,clothes,sleep
nine,digit,number,eight
ninety,decade,1990s,era
nipple,breast,body,sensitive
nob,knob,door,round
nocturnal,night,dark,active
noir,film,dark,genre
nomanclature,name,term,label
non-believer,atheist,unbeliever,agnostic
non-christian,religion,unbeliever,agnostic
non-religious,secular,atheist,agnostic
nonbeliever,atheist,skeptic,agnostic
nordstrom,store,shopping,departmant
north,korea,star,
northerner,cold,scandinavian,region
nosed,smell,sniff,sharp
nosferatu,vampire,silent,film
nostalgia,yearning,memory,past
noticed,seen,observed,aware
nourishing,healthy,food,wholesome
nude,naked,bare,art
nudity,bare,art,model
nun,sister,religious,catholic
nunnery,convent,religious,monastery
nurture,care,develop,grow
nurturing,caring,supportive,empathetic
ny,york,city,manhattan
nylon,stocking,material,fashion
obeys,follows,listens,command
obi,belt,japanese,traditional
obsolete,outdated,old,dated
occult,mystical,magic,esoteric
offering,present,gift,contribution
offspring,child,descendant,family
oj,simpson,trial,acquittal
old,testamant,faith,bible
old-fashioned,traditional,style,classic
olden,time,past,bygone
older,senior,aged,previous
oldest,ancient,time,long
olive,green,fruit,mediterranean
olympus,mountain,god,greek
omega,watch,end,symbol
onanism,masturbation,self,solo
open-minded,liberal,accepting,tolerant
opossum,marsupial,animal,nocturnal
opposite,different,contrast,antithesis
optimum,best,ideal,peak
orangutan,primate,ape,animal
orchid,flower,tropical,beautiful
orgasm,sexual,pleasure,peak
orientation,preference,identity,sexuality
origami,paper,folding,art
orthodox,traditional,religious,faith
oscar,award,movie,statue
oscillator,device,wave,sound
ottoman,furniture,seat,turkish
outdated,old-fashioned,passe,irrelevant
outfit,clothes,garmant,style
outie,belly,belly button,type
outmoded,dated,obsolete,old
ovary,reproductive,gland,female
overall,denim,work,clothing
overdressed,overdone,too,much
ovum,egg,cell,female
owl,bird,night,predator
ox,animal,bull,farm
oz,wizard,book,land
pachyderm,elephant,large,animal
pacifist,peaceful,war,resister
pad,sanitary,cushion,protection
padded,soft,cushion,material
padding,cushioning,soft,material
paddock,field,enclosure,farm
pagan,non-christian,heathen,religion
painter,artist,brush,paint
paisley,pattern,design,fabric
pajama,sleep,clothing,wear
pal,friend,buddy,companion
palestine,territory,conflict,israel
panda,bear,animal,cute
pant,trouser,clothing,wear
pantheon,temple,rome,religious
panther,big,cat,animal
pantry,food,storage,room
panty,underwear,lingerie,clothes
pantyhose,legwear,sheer,stocking
papa,father,dad,family
papal,church,authority,figure
parent,mother,father,kid
parentage,ancestry,genetics,root
parental,mother,father,guardian
parenthood,family,child-rearing,father
parenting,raising,child,family
parish,community,church,local
parker,spider,superhero,stan
parry,singer,songwriter,gordon
parting,farewell,goodbye,leave
partner,associate,companion,work
passionate,ardent,fervor,intense
passionately,intensely,fervor,deep
passover,jewish,holiday,religious
pastor,minister,church,leader
pastoral,rural,minister,field
pat,father,day,name
pat-down,search,security,airplane
patch,mand,repair,cloth
patchwork,quilt,sew,cloth
paternal,father,relative,kin
patriarch,male,leader,family
pattern,design,motif,decoration
patterned,decorative,design,clothes
paul,apostle,saint,bible
paw,animal,foot,dog
peachy,fruit,sweet,juicy
pearl,harbor,attack,world war ii
peck,kiss,greet,lip
pedigree,ancestry,family,line
peeling,strip,peel,skin
peignoir,lingerie,night,garmant
pelt,fur,animal,skin
pelvic,hip,area,region
pelvis,hip,bone,area
penance,repentance,sin,catholic
penetrate,enter,thrust,force
penetration,sex,act,process
penis,male,organ,body
pension,retiremant,money,old
pensioner,old,retired,age
pentagram,star,symbol,magic
pentecostal,christian,sect,church
people,human,crowd,society
peregrine,falcon,bird,hawk
period,time,cycle,stage
perkins,actress,psycho,film
perm,hair,style,curly
permissive,liberal,lenient,free
perry,singer,songwriter,katy
persecuted,oppressed,martyr,victimized
persecution,oppression,harsh,treatmant
persephone,goddess,spring,greek
person,individual,human,being
pervert,deviant,misuse,sexual
pet,animal,domestic,care
peter,pan,boy,neverland
petting,stroking,animal,caress
pew,church,seat,basilica
peyote,cactus,hallucinogenic,sacred
phallic,symbol,erect,representation
phase,stage,cycle,developmant
phil,dr,science,show
philanthropy,giving,charity,help
phylum,biology,categorization,life
picturesque,scenic,beautiful,view
piety,devotion,religion,faith
piggy,piglet,small,cute
pigtail,hairstyle,cute,child
pilgrim,traveler,mayflower,settler
pilgrimage,holy,mecca,journey
pillow,soft,cushion,comfort
pillowcase,linen,sleep,cover
pimp,broker,manager,illegal
pin,badge,sharp,secure
pious,devout,religious,faithful
pippi,longstocking,child,book
pique,interest,irritate,curiosity
pirouette,ballet,dance,spin
pixel,small,digital,image
placenta,organ,birth,umbilical
plait,hair,style,braid
plastic,synthetic,material,product
platypus,animal,duckbill,aquatic
playboy,magazine,adult,man
playgirl,magazine,adult,feminine
pleasant,nice,enjoyable,likeable
pleasantness,joy,enjoymant,satisfaction
please,request,enjoy,satisfy
pleat,fold,fabric,sew
pledge,oath,promise,commit
plucking,hair,remove,tweeze
plush,soft,teddy,luxury
plymouth,rock,pilgrim,landing
poach,steal,egg,illegal
poacher,illegal,hunting,killer
poaching,illegal,hunting,wildlife
pocket,fabric,clothes,storage
pointe,ballet,dance,toe
pokey,jail,slow,character
polar,bear,ice,cold
pole,north,exploration,cold
polite,courteous,manner,civil
politeness,courtesy,manner,respect
polka,dance,dot,music
polo,sport,horse,game
polyester,fabric,synthetic,material
polygamy,multiple,marriage,relationship
polytheism,many,god,faith
poncho,rain,garmant,waterproof
pony,small,horse,animal
ponytail,hair,style,female
pooch,dog,cute,animal
poodle,breed,dog,curl
pope,catholic,leader,church
poppins,nanny,flying,child
populate,fill,spread,numerous
porcupine,animal,spike,needle
porn,explicit,adult,material
pornography,adult,material,explicit
poseidon,god,sea,greek
possum,nocturnal,marsupial,animal
potamus,hippo,animal,large
pouch,marsupial,bag,carry
pounce,attack,jump,animal
practice,custom,habit,routine
praise,command,admire,applaud
praised,commanded,lauded,exalted
prancer,reindeer,christmas,santa
pravda,newspaper,soviet,medium
pray,devotion,act,worship
prayer,devotion,faith,worship
praying,devotion,act,religious
preach,sermonize,speak,church
preacher,sermon,church,leader
predator,hunter,animal,attack
predecessor,ancestor,before,history
pregnancy,conceiving,carrying,child
pregnant,carrying,expecting,woman
presbyterian,christian,church,denomination
preservation,care,conservation,protection
presley,elvis,music,rock
pretty,lovely,beautiful,charming
prevention,avoidance,safety,caution
prey,hunter,animal,capture
prickle,thorn,sharp,spike
prickly,sharp,thorn,spiky
priest,clergy,church,minister
priesthood,clergy,church,religious
prim,basic,first,simple
prima,ballet,dancer,lead
primal,basic,fundamantal,essential
primate,ape,animal,intelligence
prime,initial,first,basic
primitive,early,first,ancient
primrose,flower,plant,yellow
prissy,fussy,particular,finicky
private,genitals,anatomy,
prized,valued,treasured,appreciated
pro-choice,abortion,right,decision
procreate,mate,reproduce,sex
procreation,reproduce,child,generation
procurer,manager,agent,procure
prodigal,wasteful,return,son
prodigy,exceptional,talented,child
profane,profanity,vulgar,offensive
progenitor,ancestor,forebear,origin
progeny,descendant,child,line
progesterone,hormone,female,cycle
prom,dance,school,event
promanade,walk,stroll,coast
promiscuous,loose,free,sexual
promise,commitmant,oath,undertake
prophet,seer,religious,messenger
prophylactic,preventive,condom,safe
proportion,size,measure,dimansion
propriety,decency,moral,standard
prostate,gland,health,male
prostitute,sex,worker,service
prostitution,sex,work,illegal
protective,guardian,safe,shield
protector,guardian,defender,safety
protects,safeguard,secures,defends
protestant,reformer,faith,christian
protestantism,christian,faith,church
providence,fate,destiny,city
provider,supplier,support,source
provocative,alluring,sexy,suggestive
prude,modest,conservative,strict
prudish,conservative,strict,modest
psalm,hymn,song,church
psychedelic,trippy,color,acid
pubes,hair,shave,body
pubic,area,hair,body
pullover,sweater,clothing,wear
pulpit,sermon,church,speak
puma,animal,cat,wild
puppy,young,dog,cute
pure,untainted,spotless,wholesome
purgatory,hell,afterlife,suffering
puritan,strict,disciplined,stoic
purity,cleanliness,innocence,whiteness
purl,knit,loop,yarn
purling,knitting,stitch,wool
purr,sound,cat,content
pus,cat,kitten,animal
pussy,cat,term,slang
q-tips,cotton,hygiene,brand
quadruped,four-legged,animal,structure
quaker,oat,peace,breakfast
queen,elizabeth,monarchy,uk
quill,spike,hedgehog,sharp
quilt,bedding,warm,sewn
quilting,sewing,craft,bedding
rabbi,jewish,teacher,spiritual
rabbit,animal,hare,cute
rabid,furious,infected,foaming
rabies,disease,infection,viral
raccoon,animal,mask,north-american
rack,storage,shelf,hold
raimant,clothes,garmant,attire
ralph,lauren,fashion,polo
ram,male,sheep,animal
ranch,farm,cattle,land
randy,man,name,common
rapture,ecstasy,joy,heaven
rat,rodent,mouse,vermin
rate,price,cost,fee
rayon,fabric,silk,synthetic
razor,shave,cut,blade
reagan,president,usa,actor
real,authentic,genuine,actual
reality,actuality,truth,life
really,truthfully,honestly,actually
reception,party,welcome,gathering
recessive,gene,inheritance,trait
recline,lie,rest,seat
recliner,chair,comfort,lounge
recollection,memory,recall,past
reconcile,repair,amand,fix
reconciliation,agreemant,peace,amand
red,wine,color,apple
red-nosed,christmas,reindeer,red
redeemed,saved,salvation,forgiven
redeemer,savior,christ,christian
redemption,salvation,sin,deliverance
redford,actor,sun dance,film
refinemant,cultivation,culture,improvemant
reformation,reform,change,improve
regeneration,new-life,rebirth,transform
rein,control,grip,hold
reincarnation,soul,rebirth,cycle
reindeer,christmas,animal,cold
related,kin,connected,family
relation,bond,tie,connection
relationship,connection,affinity,bond
relative,family,kin,member
relativity,science,physic,einstein
relic,antique,old,artefact
religion,faith,spirit,belief
religious,faith,spiritual,devoted
remembered,kept,stored,past
remembering,memory,recall,past
remembrance,day,war,dead
reminisce,recall,past,think
reminiscence,recall,nostalgia,past
remnant,piece,fragmant,left
renaissance,art,culture,period
repeat,again,cycle,
repent,sorrow,regret,remorse
repentance,sorrow,remorse,sin
repose,rest,sleep,peace
repressed,suppressed,inhibited,subdued
reproduce,breed,offspring,produce
reproduction,breeding,fertility,biology
reproductive,fertility,organ,system
rescued,saved,aided,survived
rescuer,hero,savior,helper
resides,live,dwell,occupy
respect,admiration,esteem,high
respectable,decent,moral,upright
respected,honored,esteemed,regarded
respectful,polite,courteous,civil
respectfully,polite,courteous,proper
rest,relax,sleep,peace
restoration,revive,repair,return
resurrection,rise,revive,comeback
retire,cease,work,end
retired,pensioner,old,relaxed
retiree,old,elder,pension
retiremant,pension,old,rest
retro,past,style,fashion
returned,came,back,home
returning,comeback,home,again
reunite,meet,again,gather
revered,respected,admired,honored
reverend,clergy,priest,holy
rewind,reverse,back,video
rhesus,monkey,blood,type
rhino,horn,animal,africa
rhinoceros,animal,horn,africa
richard,gere,actor,pretty
rico,puerto,island,commonwealth
rider,bikers,horse,group
ridge,topography,earth,line
right-wing,conservative,politics,ideology
righteous,moral,just,ethical
righteousness,morality,ethical,virtue
rightful,deserved,lawful,proper
riki,tiki,entertainer,kiwi
ring,jewelry,circle,gold
ringlet,curl,hair,spiral
ringo,starr,beatles,drummer
rip,tear,break,apart
ripper,serial,killer,jack
risen,ascended,up,rose
rite,custom,tradition,ceremony
ritual,ceremony,custom,practice
road show,exhibition,travel,show
roadkill,animal,dead,accident
roadrunner,bird,fast,desert
roaring,loud,lion,sound
robe,cloth,wear,ceremonial
robert,de niro,actor,film
rocking,chair,motion,child
rodent,mouse,mammal,small
rodeo,competition,horse,show
roman,people,ancient,empire
romance,love,affair,story
romania,country,eastern,europe
romanian,country,eastern,europe
romantic,loving,idealistic,affection
rome,city,capital,italy
romney,mitt,politics,2012
roommate,housemate,living,together
roosevelt,franklin,president,usa
rope,twine,string,bind
rorschach,inkblot,test,psychology
rosary,bead,prayer,catholic
rudolf,reindeer,red,nose
rudolph,reindeer,red,nose
ruff,decorative,collar,neck
ruffle,decorative,cloth,edge
rug,carpet,floor,covering
ruin,crumbled,old,structure
rushing,hurry,fast,quick
rutting,mating,animal,season
s&m,bondage,fetish,leather
sabbath,holy,day,rest
sacramant,holy,rite,church
sacred,holy,religious,
sacrifice,offer,altar,religious
saddle,riding,seat,horse
sadomasochism,sexual,fetish,pain
safari,expedition,wildlife,journey
sag,droop,downward,loose
sagging,drooping,low,hang
saggy,loose,baggy,old
saint,holy,person,venerated
saintly,virtuous,ethical,holy
sal,pal,child,little
salon,hair,beauty,style
salutation,greeting,hello,wave
saluting,honor,military,gesture
salvation,rescue,deliver,free
sanctimonious,hypocritical,holier-than-thou,attitude
sanctity,holiness,sacredness,virtue
sandal,footwear,open,shoe
sandra,bullock,actress,speed
sank,sunk,down,bottom
sash,band,belt,wear
sassafras,tree,spice,bark
sassy,bold,cheeky,brash
satan,devil,tempter,bible
satanic,evil,demonic,cult
satin,fabric,smooth,luxury
savannah,city,georgia,tree
save,rescue,protects,defends
saved,rescued,liberated,freed
savior,hero,rescue,heroic
sawyer,tom,boy,river
sayonara,goodbye,japanese,farewell
scarf,neck,wear,winter
scavenger,forager,animal,eat
scenic,picturesque,view,nature
schmo,fool,simpleton,idiot
science,knowledge,study,discipline
scissor,cut,shear,tool
scissors,cutting,tool,sharp
scrimshaw,whale,art,carving
scripture,holy,writ,bible
scroll,ancient,writing,
scrotum,male,anatomy,body
scruff,neck,hair,back
scrunchies,hair,accessory,fashion
sculpture,art,form,figure
seagull,bird,sea,coast
seam,stitch,join,fabric
seamless,smooth,uniform,continuous
seamstress,tailor,clothes,fabricate
seat,bench,sit,furniture
seating,arrangemant,sit,furniture
sect,group,religious,division
secular,non-religious,worldly,civic
seder,jewish,meal,passover
sedimant,rock,debris,natural
seduce,attract,lure,tempt
seduction,lure,charm,attract
seductive,alluring,charming,attractive
self-pleasure,masturbation,solo,sex
self-righteous,smug,moral,attitude
selfless,altruistic,giving,charity
selflessness,generosity,charity,kindness
seman,fluid,reproductive,male
semite,jewish,race,ethnicity
semitic,jewish,culture,ethnic
senile,old,aged,forgetful
senior,older,aged,elder
sensed,perceived,aware,felt
sensual,arousing,attractive,sexy
sensuality,arousal,desire,pleasure
sensuous,attractive,luxurious,appealing
serape,blanket,mexican,wrap
seriously,earnest,grave,important
sermon,preach,church,message
service,assist,help,work
settee,couch,sofa,furniture
seven,number,amount,figure
seventy,decade,style,music
seville,city,andalusia,spain
sew,stitch,thread,needle
sewer,drainage,tunnel,underground
sewing,craft,tailor,fabric
sex,gender,relation,intimacy
sex-drive,libido,urge,drive
sexless,chaste,abstinent,nonsexual
sexual,orientation,relation,gender
sexuality,orientation,preference,identity
sexy,attractive,hot,alluring
shag,carpet,hair,rough
shaggy,hair,coat,rough
shakily,unsteady,trembling,weak
shalt,command,thou,biblical
shameless,brazen,unabashed,unapologetic
shaming,humiliation,disgrace,guilt
shapely,curvaceous,fit,attractive
sharing,splitting,distributing,dividing
shave,cut,hair,razor
shaved,hairless,clean,cut
shaving,razor,foam,barber
shawl,neck,wrap,warm
shear,cut,clip,trim
sheep,animal,farm,wool
sheer,transparent,light,fabric
sheet,bed,cloth,cover
shelf,storage,place,hold
shepherd,flock,leader,guide
shetland,pony,island,breed
shielding,protect,guard,defend
shirt,top,clothing,wear
shoe,footwear,dress,wear
shoelace,tie,fasten,string
shoeless,barefoot,no,footwear
shoemaker,cobbler,artisan,craft
shoestring,budget,tight,limited
short,pant,clothing,wear
show-off,exhibitionist,flashy,brag
shrine,holy,worship,place
shrivel,wither,dry,shrink
shuck,darn,expression,mild
shyness,timidity,introversion,quiet
si,female,sibling,familiar
sibley,audubon,bird,guide
sibling,brother,sister,relative
sideburn,facial,hair,style
signalizing,show,flashy,demonstrate
silicon,elemant,chip,material
silk,fabric,smooth,luxurious
silky,smooth,soft,textile
simplicity,plainness,easiness,clarity
sin,wrongdoing,morality,transgression
sinatra,frank,music,singer
sincere,truthful,honest,direct
sincerely,heartfelt,true,genuine
sincerity,truthfulness,earnestness,genuineness
sinful,wrong,moral,unethical
sinner,wrongdoer,moralist,transgressor
sir,title,respect,man
sire,father,monarch,king
sister,female,sibling,family
sisterhood,community,connection,female
sit,seat,rest,chair
sixty,decade,year,old
skinner,psychologist,behavior,study
skirt,female,garmant,clothing
skunk,animal,black,white
slack,trouser,pant,clothing
slacken,loosen,relax,ease
slapstick,comedy,humor,film
sleaze,corruption,decadence,immorality
sleek,smooth,shiny,design
sleep,rest,nap,bed
sleepwear,pajama,night,clothing
sleeve,arm,cloth,garmant
sleeveless,armless,top,dress
slimmer,thinner,reduce,fit
slinky,seductive,fit,
slipper,house,foot,wear
slumber,nap,sleep,rest
slut,disparaging,pejorative,label
slutty,promiscuous,disparaging,label
smitten,infatuated,lovestruck,charmed
smooch,kiss,affectionate,lip
smooching,kissing,affection,action
smoothly,easily,calm,graceful
smut,vulgarity,porn,lewd
snagging,catch,obstruct,tear
sneaker,athletic,footwear,sport
snip,cut,trim,clip
snooze,nap,rest,sleep
snore,sleep,sound,breathing
snoring,sleeping,sound,noise
snug,tight,fitting,close
snuggle,cuddle,comfort,warm
snuggly,comfortable,cozy,warm
society,community,group,culture
sock,foot,wear,cotton
sofa,lounge,comfort,furniture
soft,gentle,tender,smooth
soften,texture,gentle,
softener,conditioner,fabric,clothing
softness,gentleness,pliability,delicate
sol,foot,bottom,shoe
sole,single,only,foot
solicit,ask,plead,propose
son,child,male,offspring
soreness,pain,ache,discomfort
sorority,sisterhood,group,college
soul,essence,spirit,core
sound,music,motion,festival
soundly,sleeping,peaceful,deep
south,africa,hemisphere,pole
souvenir,memory,keepsake,token
spay,neuter,request,footwear
specie,type,kind,class
speckled,bird,mark,pattern
sperm,cell,reproductive,male
spike,point,sharp,end
spiked,pointed,end,sharp
spiky,sharp,pointed,end
spinal,back,bone,vertebra
spine,sharp,point,fish
spiny,fish,sharp,animal
spire,tower,church,high
spirit,ethos,character,ghost
spiritual,religion,faith,belief
spirituality,faith,moral,inner
splotch,mark,blotch,color
spock,enterprise,star,trek
spoiler,movie,giveaway,alert
spool,thread,wind,cylinder
spot,place,mark,detect
spotted,animal,pattern,dot
spotty,spotted,irregular,mark
spouse,married,partner,life
sprawl,expand,city,out
sprayer,device,water,spread
spur,cowboy,boot,metal
squeamish,delicate,queasy,easy
squirrel,animal,tree,nut
stag,male,deer,adult
stain,dirty,clothes,fabric
stallion,male,horse,breed
starry,night,sky,glitter
steed,horse,ride,noble
steeple,church,tower,building
stem,plant,upright,grow
stepfather,parent,husband,family
stephen,king,horror,author
stepmother,parent,wife,family
sterilize,clean,disinfect,procedure
stetson,hat,cowboy,headwear
steve,job,apple,pioneer
steven,spielberg,director,movie
stevie,nick,fleetwood,music
stigma,negative,mark,social
stiletto,shoe,high,fashion
stimulate,excite,arouse,promote
stimulation,arousal,excite,sensation
stirrup,foot,ride,horse
stitch,sew,thread,cloth
stitching,sew,fabric,clothes
stoat,mammal,fur,small
stocking,hosiery,leg,wear
stoker,dracula,author,vampire
stonehenge,monumant,prehistoric,circle
stooge,fool,silly,comedy
storage,keep,organize,place
stork,bird,baby,deliver
straddle,ride,horse,saddle
straightener,hair,device,flatten
straightforward,direct,honest,plain
strap,belt,tie,secure
stratum,layer,level,geology
stray,wander,animal,alone
strict,stringent,severe,rule
strident,loud,forceful,voice
striking,impressive,noticeable,impact
strip,remove,clothes,bar
stripe,band,pattern,color
striped,animal,pattern,stripe
stripey,cat,pattern,animal
stripper,dance,perform,club
striptease,dance,sexy,performance
stroke,caress,touch,gentle
stubble,face,hair,rough
stud,male,horse,fasten
stuntman,performer,trick,film
style,fashion,design,look
stylish,fashionable,trendy,sharp
stylist,hair,professional,fashion
suave,charming,smooth,elegant
submissive,yielding,compliant,docile
succubus,demonic,fantasy,woman
suede,leather,material,soft
suffragette,woman,right,activist
suit,clothes,formal,wear
suite,room,luxury,hotel
sultry,hot,attractive,appealing
sup,eat,drink,take
superstition,belief,myth,ritual
supportive,helpful,caring,assist
surly,gruff,cranky,unfriendly
surname,family,name,last
suspender,brace,clothes,hold
sutra,kama,book,love
swab,cotton,tip,clean
swanky,fashionable,elegant,luxury
swaying,move,rock,motion
sweater,clothing,warm,knit
sweatpants,clothes,casual,comfort
sweatshirt,clothing,comfortable,casual
sweatshop,factory,exploit,labor
sweetheart,darling,love,term
sweetie,darling,affectionate,nickname
swirly,pattern,spiral,design
swoon,faint,overwhelm,dramatic
sympathetic,caring,kind,understanding
sympathize,feel,empathy,relate
sympathy,compassion,feeling,understanding
synagogue,jewish,temple,worship
synthetic,artificial,fake,man-made
t,shorthand,abbreviation,symbol
t-shirt,clothing,casual,wear
tabby,cat,breed,fur
tabernacle,church,religious,shelter
tact,diplomacy,skill,discretion
tactful,polite,considerate,diplomatic
tail,rear,appendage,animal
tailor,sew,fabric,clothes
tailored,fit,custom,clothing
talmud,jewish,study,text
talon,claw,bird,sharp
tame,calm,subdue,wild
tamer,subduer,controller,calm
tampax,product,manstrual,hygiene
tampon,feminine,hygiene,absorbent
tangle,knotted,complicated,mess
tangled,complicated,messy,knotted
tanned,skin,sun,brown
tapestry,woven,art,fabric
tarzan,jungle,hero,vine
tasteful,elegant,stylish,classy
tat,tattoo,ink,body
tatting,lace,craft,technique
tease,flirt,mock,play
teaser,preview,hint,enticing
technicolor,film,movie,color
teddy,bear,plush,soft
temple,religious,sacred,place
tempt,seduce,lure,allure
temptation,sin,lure,enticing
tempting,alluring,attract,lure
temptress,siren,seductive,charming
ten,number,count,digit
tend,care,look-after,nurture
tender,soft,gentle,care
tenderness,care,gentleness,softness
tenet,principle,belief,doctrine
terry,gilliam,director,monty
terrycloth,fabric,absorbent,towel
testicle,male,genitals,ball
testis,male,genitals,gland
testosterone,hormone,male,strength
tether,bind,secure,strap
texas,state,cowboy,austin
textile,fabric,cloth,material
texture,feel,surface,material
thank,gratitude,appreciate,give
thankful,grateful,appreciative,
thankfulness,gratitude,appreciation,grateful
thanks,gratitude,express,appreciate
the,beatles,band,music
thee,you,archaic,old
theism,belief,god,faith
theology,study,religion,faith
theseus,hero,greek,myth
thigh,upper,leg,body
thimble,protective,sewing,tool
thine,your,possessive,old
thinner,slim,reduce,liquid
thirty,age,decade,year
thong,underwear,sandal,beach
thou,old,ye,biblical
thoughtfulness,consideration,care,thought
thousand,many,numeral,large
thread,fiber,cotton,silk
threatened,endangered,scared,alarmed
throwback,nostalgic,past,old
thrust,push,drive,force
thumbtack,pushpin,sharp,hold
thumper,bunny,cartoon,character
thy,your,possessive,formal
tibet,country,asia,himalaya
tie,fasten,necktie,clothes
tied,bound,secured,fastened
tiger,animal,striped,wild
tight,constricted,narrow,fit
tights,hosiery,nylon,wear
tiling,flooring,ceramic,work
time,era,period,momant
tit,breast,slang,body
titillate,arouse,stimulate,sensual
titillating,arousing,exciting,sensual
toe,digit,foot,end
toga,roman,costume,party
togetherness,unity,close,bond
toilet,bathroom,sanitary,plumbing
token,symbol,gift,significance
tolerance,acceptance,openness,understanding
tolerant,accepting,open,permissive
tom,hank,actor,movie
tom-tom,drum,african,instrumant
tomboy,mannish,boyish,girl
tonsure,monk,haircut,religious
top,shirt,garmant,upper
torah,jewish,book,religion
tory,conservative,party,politics
touched,affected,moved,sensitive
towel,bath,dry,fabric
toweling,fabric,absorbent,use
tracy,spencer,actress,help
tradition,custom,heritage,culture
traditional,customary,usual,habit
trans,gender,identity,fluid
transgender,gender,identity,diverse
transylvania,vampire,castle,dracula
trapper,hunter,fur,animal
trashy,vulgar,cheap,tasteless
treacle,syrup,sweet,sticky
treasured,valued,cherished,loved
trench,coat,long,waterproof
trend,fashion,movemant,current
trendy,fashionable,modern,current
triceratops,dinosaur,horned,ancient
trim,decorate,adorn,neat
trimmer,device,cut,hair
trinity,christian,doctrine,father
trouser,pant,garmant,wear
true,honest,loyal,faithful
truly,genuine,sincere,honest
trumpet,horn,music,brass
trust,confidence,rely,believe
trusted,reliable,loyal,faithful
trusting,naive,simple,faith
trustworthy,reliable,honest,dependable
trusty,reliable,faithful,loyal
truthful,honest,candid,sincere
truthfully,honestly,sincerely,openly
truthfulness,honesty,integrity,candor
tuck,fold,insert,clothing
tulle,fabric,sheer,netting
turk,person,ottoman,country
tusk,ivory,elephant,sharp
tutu,ballet,skirt,dance
tux,suit,formal,jacket
tuxedo,formal,suit,wear
tweed,fabric,wool,clothing
twenty,decade,year,age
twenty-one,age,majority,legal
twine,cord,bind,string
twirl,spin,rotate,dance
twisted,contorted,distorted,misshapen
tying,knot,secure,fasten
type,kind,sort,category
umbilical,cord,newborn,connect
unafraid,brave,courageous,fearless
unassuming,modest,simple,humble
unattached,free,single,independent
unbeliever,atheist,skeptic,nonbeliever
unblemished,flawless,perfect,clear
unborn,fetal,developing,prebirth
uncle,family,relative,brother
unclothed,naked,bare,exposed
uncomplicated,simple,easy,clear
unconditional,absolute,complete,total
uncover,reveal,expose,show
unctuous,oily,smarmy,slick
underpants,garmant,bottom,wear
underwear,garmant,clothes,intimate
undeveloped,unripe,incomplete,immature
undies,brief,short,casual
undo,open,release,loosen
undone,loose,open,disassembled
undress,remove,clothes,strip
undressed,naked,bare,stripped
unearth,discover,dig,find
unfashionable,outdated,old,unstylish
unfasten,loosen,open,release
unfastened,loosened,unlocked,released
ungodly,blasphemous,sinful,irreverent
unholy,sacrilegious,profane,impious
unhook,detach,release,open
unibrow,facial,hair,eyebrow
unlatch,unlock,open,release
unleash,release,free,let
unmade,disordered,untidy,disheveled
unmarried,single,solo,independent
unopened,sealed,closed,
unravel,disentangle,loose,open
unscrew,loosen,remove,
unselfish,generous,altruistic,giving
unsharp,blunt,dull,rounded
unsullied,clean,pure,unspoiled
untainted,pure,clean,immaculate
untamed,wild,natural,free
untangle,uncomplicate,resolve,clear
untie,release,loosen,free
untied,loose,unfastened,free
untouched,pristine,unmarked,clean
unused,new,pristine,
unveil,reveal,show,expose
unwed,single,alone,independent
unwind,relax,loosen,calm
unwrap,open,remove,
up-do,hairstyle,up,neat
up-to-date,modern,current,updated
upfront,honest,direct,straightforward
upstanding,honorable,ethical,moral
urchin,sea,child,street
ursine,bear,animal,type
uterus,organ,female,reproductive
vagina,female,anatomy,organ
valentine,holiday,love,february
valentino,rudolph,actor,silent
valiant,brave,courageous,heroic
valor,bravery,courage,honor
valued,cherished,appreciated,loved
vampire,creature,night,bloodsucker
vaquero,cowboy,jean,rider
varmint,pest,animal,nuisance
vasectomy,surgery,sterilization,male
vatican,city,pope,church
veil,conceal,hide,face
velcro,hook,loop,fastener
velvet,fabric,soft,luxurious
verifiable,provable,testable,confirmable
verily,indeed,truly,certainly
verity,truth,honesty,reality
vertebra,bone,spinal,column
vertebrate,animal,spine,creature
vest,garmant,wear,clothing
vet,animal,doctor,check
veterinarian,animal,doctor,care
vhs,tape,video,cassette
vibrate,shake,oscillate,motion
vibrator,sex,toy,pleasure
vicar,church,priest,house
vicarage,house,clergy,living
vicarious,experienced,secondhand,by-proxy
victoria's,secret,lingerie,brand
victorian,era,england,queen
vicuna,animal,fiber,luxury
vintage,old,style,classic
vinyl,material,record,music
virgin,chaste,pure,untouched
virginal,pure,untouched,chaste
virginity,purity,chastity,state
virile,masculine,strong,potent
virtue,morality,ethic,decency
virtuous,moral,ethical,upright
vista,scene,panorama,view
vixen,female,foxy,alluring
vogue,style,fashionable,trend
voltaire,philosopher,enlightenmant,writer
voluptuous,curvy,shapely,full
volvo,car,swedish,automobile
voodoo,magic,ritual,religion
vow,promise,pledge,commit
vulcan,god,roman,forge
vulva,female,anatomy,part
wad,bundle,money,cash
wafer,thin,cookie,crisp
wag,shake,tail,dog
wagging,tail,motion,animal
waistcoat,vest,formal,garmant
wallaby,marsupial,animal,australia
wallpaper,decor,interior,design
wan,pale,faint,dim
waning,decreasing,diminish,decline
wardrobe,clothes,storage,furniture
warhol,artist,pop,1960s
warm,heated,cozy,temperature
warm-blooded,animal,heat,regulated
warmth,heat,cozy,comfort
warner,bros,movie,studio
warp,distort,change,alter
warped,distorted,bent,altered
warren,buffett,commission,elizabeth
wassup,greeting,hello,casual
waving,gesture,hand,motion
wear,clothing,dress,attire
wearing,clothed,apparel,on
weasel,animal,sneaky,small
weathered,exposed,aged,weather
weave,fabric,craft,textile
weaving,craft,textile,fabric
wed,marry,union,ceremony
wedding,ceremony,union,celebration
weft,thread,loom,textile
welcome,greeting,meet,friendly
welcomer,greeter,host,friendly
welcoming,friendly,inviting,kind
well-mannered,polite,courteous,civil
werewolf,mythical,creature,moon
west,direction,u,coast
western,american,cowboy,culture
westminster,abbey,big,ben
whalebone,corset,material,support
what's,inquiry,question,expression
whats,what,inquiring,query
whip,lash,strike,punish
whirly,spinning,turning,toy
whisker,facial,hair,cat
whitby,dracula,abbey,yorkshire
wholesome,healthy,pure,good
whore,prostitute,sex,worker
whorehouse,brothel,sex,establishmant
wicker,furniture,basket,material
widow,woman,loss,alone
widowed,single,alone,loss
widower,man,alone,loss
wife,spouse,partner,married
wild,untamed,nature,free
wildly,chaotic,frantic,passionate
wile,trick,cunning,strategy
wiley,roadrunner,coyote,cartoon
williamsburg,historic,colony,virginia
wilt,droop,sag,collapse
wilted,drooped,droop,sag
wilting,flower,droop,decay
wily,cunning,sly,clever
windsor,castle,royal,family
wither,dry,decay,shrink
wizened,old,sage,wise
wolf,canine,animal,pack
wolly,mammoth,prehistoric,hairy
wolverine,animal,claw,fierce
woman,female,gender,lady
womankind,gender,female,humanity
womanly,feminine,quality,trait
womb,female,reproduction,organ
wombat,marsupial,australian,animal
wonder,miracle,amazemant,extraordinary
woo,court,romance,love
woodchuck,rodent,ground,animal
woody,allen,director,actor
woof,bark,dog,sound
wool,fabric,fiber,animal
woolen,fabric,yarn,woven
woolly,hairy,fuzzy,textured
wooly,hairy,fuzzy,warm
workman,laborer,craftsman,skilled
worship,revere,adore,pray
worshipped,adore,revere,pray
woven,fabric,material,interwoven
wrinkle,skin,aged,line
wrinkled,aged,skin,folded
wrinkly,aged,skin,creased
y'all,informal,you,plural
y-fronts,underwear,man,brief
yak,animal,hairy,asia
yankee,doodle,american,nickname
yard,measuring,distance,unit
yarmulke,jewish,hat,religious
yarn,thread,fiber,spin
year,time,period,passage
yearns,longs,desire,want
yiddish,language,jewish,dialect
ying,balance,dual,harmony
yo,informal,hello,you
yo-yo,toy,spin,
you,second,person,singular
you're,contraction,you,are
yowl,cry,animal,sound
zeal,enthusiasm,passion,fervor
zealot,fanatic,ardent,devoted
zealous,enthusiastic,fervent,intense
zebra,striped,horse,animal
zeus,god,greek,thunder
zillion,many,countless,large
zip,close,fasten,together
zipper,close,fastener,clothes
zit,acne,skin,teen
zoo,place,animal,kept
zygote,early,cellular,developmant
zz,sleep,snore,comic
